participant_id	ANTI-THYROGLOBULIN IU/ML	APOLIPOPROTEIN A-1 MG/DL	APOLIPOPROTEIN B MG/DL	CALCIUM MMOL/L	CREATINE KINASE U/L	CRP,HIGH SENSITIVITY, COMPREHE MG/L	FERRITIN MCG/L	HUMAN CHORIONIC GONADOTROPIN, IU/L	INSULIN MCU/ML	IRON MCG/DL	LACTATE DEHYDROGENASE U/L	MAGNESIUM MMOL/L	PANCREATIC POLYPEPTIDE,PLASMA PG/ML	PHOSPHORUS, INORGANIC MG/DL	PRO BRAIN NATRIURETIC PEPTIDE PG/ML	PROLACTIN MCG/L	PROTEIN, TOTAL G/DL	REVERSE T3, MASS SPECTROMETRY NG/DL	SERUM FOLATE NG/ML	T3 FREE, MASS SPECTROMETRY PG/ML	T3, MASS SPECTROMETRY NG/DL	T4 FREE, MASS SPECTROMETRY NG/DL	T4, MASS SPECTROMETRY MCG/DL	THYROGLOBULIN NG/ML	THYROID STIMULATING HORMONE MCIU/ML	THYROXINE, FREE NG/DL	TRANSFERRIN MG/DL	URIC ACID MG/DL
sub-ON00963	-999	-999	-999	-999.0	85	2.9	-999	-999	-999.0	-999	-999	-999.0	-999	-999.0	-999	-999.0	-999.0	-999.0	-999.0	-999.0	-999	-999.0	-999.0	-999.0	2.5	-999.0	-999	-999.0
sub-ON01016	-999	-999	-999	-999.0	143	0.6	-999	-999	-999.0	-999	-999	-999.0	-999	-999.0	-999	-999.0	-999.0	-999.0	-999.0	-999.0	-999	-999.0	-999.0	-999.0	3.71	-999.0	-999	-999.0
sub-ON01802	-999	-999	-999	-999.0	201	0.2	-999	-999	-999.0	-999	-999	-999.0	-999	-999.0	-999	-999.0	-999.0	-999.0	-999.0	-999.0	-999	-999.0	-999.0	-999.0	1.09	-999.0	-999	-999.0
sub-ON02693	-999	-999	-999	-999.0	75	0.5	-999	-999	-999.0	-999	-999	-999.0	-999	-999.0	-999	-999.0	-999.0	-999.0	-999.0	-999.0	-999	-999.0	-999.0	-999.0	1.62	-999.0	-999	-999.0
sub-ON02747	-999	-999	-999	-999.0	248	1.6	-999	-999	-999.0	-999	-999	-999.0	-999	-999.0	-999	-999.0	-999.0	-999.0	-999.0	-999.0	-999	-999.0	-999.0	-999.0	1.76	-999.0	-999	-999.0
sub-ON02811	-999	-999	-999	-999.0	145	0.7	-999	-999	-999.0	-999	-999	-999.0	-999	-999.0	-999	-999.0	-999.0	-999.0	-999.0	-999.0	-999	-999.0	-999.0	-999.0	4.47	-999.0	-999	-999.0
sub-ON03748	-999	-999	-999	-999.0	69	1.2	-999	-999	-999.0	-999	-999	-999.0	-999	-999.0	-999	-999.0	-999.0	-999.0	-999.0	-999.0	-999	-999.0	-999.0	-999.0	2.35	-999.0	-999	-999.0
sub-ON04322	-999	-999	-999	-999.0	129	2.0	-999	-999	-999.0	-999	-999	-999.0	-999	-999.0	-999	-999.0	-999.0	-999.0	-999.0	-999.0	-999	-999.0	-999.0	-999.0	2.29	-999.0	-999	-999.0
sub-ON05258	-999	-999	-999	-999.0	45	0.4	-999	-999	-999.0	-999	-999	-999.0	-999	-999.0	-999	-999.0	-999.0	-999.0	-999.0	-999.0	-999	-999.0	-999.0	-999.0	1.52	-999.0	-999	-999.0
sub-ON05311	-999	-999	-999	-999.0	99	0.3	-999	-999	-999.0	-999	-999	-999.0	-999	-999.0	-999	-999.0	-999.0	-999.0	-999.0	-999.0	-999	-999.0	-999.0	-999.0	4.84	-999.0	-999	-999.0
sub-ON05421	-999	-999	-999	-999.0	85	0.2	-999	-999	-999.0	-999	-999	-999.0	-999	-999.0	-999	-999.0	-999.0	-999.0	-999.0	-999.0	-999	-999.0	-999.0	-999.0	1.51	-999.0	-999	-999.0
sub-ON05441	-999	-999	-999	-999.0	229	4.9	-999	-999	-999.0	-999	-999	-999.0	-999	-999.0	-999	-999.0	-999.0	-999.0	-999.0	-999.0	-999	-999.0	-999.0	-999.0	2.11	-999.0	-999	-999.0
sub-ON05530	-999	-999	-999	-999.0	125	0.6	-999	-999	-999.0	-999	-999	-999.0	-999	-999.0	-999	-999.0	-999.0	-999.0	-999.0	-999.0	-999	-999.0	-999.0	-999.0	1.41	-999.0	-999	-999.0
sub-ON06520	-999	-999	-999	-999.0	166	0.2	-999	-999	-999.0	-999	-999	-999.0	-999	-999.0	-999	-999.0	-999.0	-999.0	-999.0	-999.0	-999	-999.0	-999.0	-999.0	1.45	-999.0	-999	-999.0
sub-ON06910	-999	-999	-999	-999.0	331	0.3	-999	-999	-999.0	-999	-999	-999.0	-999	-999.0	-999	-999.0	-999.0	-999.0	-999.0	-999.0	-999	-999.0	-999.0	-999.0	-999.0	-999.0	-999	-999.0
sub-ON07392	-999	-999	-999	-999.0	77	1.3	-999	-999	-999.0	-999	-999	-999.0	-999	-999.0	-999	-999.0	-999.0	-999.0	-999.0	-999.0	-999	-999.0	-999.0	-999.0	1.68	-999.0	-999	-999.0
sub-ON08155	-999	-999	-999	-999.0	91	0.8	-999	-999	-999.0	-999	-999	-999.0	-999	-999.0	-999	-999.0	-999.0	-999.0	-999.0	-999.0	-999	-999.0	-999.0	-999.0	2.52	-999.0	-999	-999.0
sub-ON08392	-999	-999	-999	-999.0	127	1.0	-999	-999	-999.0	-999	-999	-999.0	-999	-999.0	-999	-999.0	-999.0	-999.0	-999.0	-999.0	-999	-999.0	-999.0	-999.0	0.89	-999.0	-999	-999.0
sub-ON08543	-999	-999	-999	-999.0	316	0.2	-999	-999	-999.0	-999	-999	-999.0	-999	-999.0	-999	-999.0	-999.0	-999.0	-999.0	-999.0	-999	-999.0	-999.0	-999.0	1.81	-999.0	-999	-999.0
sub-ON08571	-999	-999	-999	-999.0	125	1.8	-999	-999	-999.0	-999	-999	-999.0	-999	-999.0	-999	-999.0	-999.0	-999.0	-999.0	-999.0	-999	-999.0	-999.0	-999.0	6.03	-999.0	-999	-999.0
sub-ON08643	-999	-999	-999	-999.0	1563	0.6	-999	-999	-999.0	-999	-999	-999.0	-999	-999.0	-999	-999.0	-999.0	-999.0	-999.0	-999.0	-999	-999.0	-999.0	-999.0	0.95	-999.0	-999	-999.0
sub-ON08720	-999	-999	-999	-999.0	HEMOLYZED	0.3	-999	-999	-999.0	-999	-999	-999.0	-999	-999.0	-999	-999.0	-999.0	-999.0	-999.0	-999.0	-999	-999.0	-999.0	-999.0	1.97	-999.0	-999	-999.0
sub-ON08742	-999	-999	-999	-999.0	-999	3.9	-999	-999	-999.0	-999	-999	-999.0	-999	-999.0	-999	-999.0	-999.0	-999.0	-999.0	-999.0	-999	-999.0	-999.0	-999.0	-999.0	-999.0	-999	-999.0
sub-ON08792	-999	-999	-999	-999.0	88	0.9	-999	-999	-999.0	-999	-999	-999.0	-999	-999.0	-999	-999.0	-999.0	-999.0	-999.0	-999.0	-999	-999.0	-999.0	-999.0	1.38	-999.0	-999	-999.0
sub-ON09474	-999	-999	-999	-999.0	91	7.6	-999	-999	-999.0	-999	-999	-999.0	-999	-999.0	-999	-999.0	-999.0	-999.0	-999.0	-999.0	-999	-999.0	-999.0	-999.0	4.93	-999.0	-999	-999.0
sub-ON09550	-999	-999	-999	-999.0	81	0.4	-999	-999	-999.0	-999	-999	-999.0	-999	-999.0	-999	-999.0	-999.0	-999.0	-999.0	-999.0	-999	-999.0	-999.0	-999.0	2.21	-999.0	-999	-999.0
sub-ON09664	-999	-999	-999	-999.0	161	0.2	-999	-999	-999.0	-999	-999	-999.0	-999	-999.0	-999	-999.0	-999.0	-999.0	-999.0	-999.0	-999	-999.0	-999.0	-999.0	2.38	-999.0	-999	-999.0
sub-ON09752	-999	-999	-999	-999.0	50	4.3	-999	-999	-999.0	-999	-999	-999.0	-999	-999.0	-999	-999.0	-999.0	-999.0	-999.0	-999.0	-999	-999.0	-999.0	-999.0	1.28	-999.0	-999	-999.0
sub-ON09821	-999	-999	-999	-999.0	57	1.4	-999	-999	-999.0	-999	-999	-999.0	-999	-999.0	-999	-999.0	-999.0	-999.0	-999.0	-999.0	-999	-999.0	-999.0	-999.0	1.78	-999.0	-999	-999.0
sub-ON09873	-999	-999	-999	2.48	60	1.5	-999	-999	-999.0	-999	-999	-999.0	-999	-999.0	-999	-999.0	7.9	-999.0	-999.0	-999.0	-999	-999.0	-999.0	-999.0	-999.0	-999.0	-999	-999.0
sub-ON10965	-999	-999	-999	-999.0	69	0.2	-999	-999	-999.0	-999	-999	-999.0	-999	-999.0	-999	-999.0	-999.0	-999.0	-999.0	-999.0	-999	-999.0	-999.0	-999.0	1.78	-999.0	-999	-999.0
sub-ON11111	-999	-999	-999	-999.0	86	1.9	-999	-999	-999.0	-999	-999	-999.0	-999	-999.0	-999	-999.0	-999.0	-999.0	-999.0	-999.0	-999	-999.0	-999.0	-999.0	1.62	-999.0	-999	-999.0
sub-ON11394	-999	-999	-999	-999.0	63	<0.15	-999	-999	-999.0	-999	-999	-999.0	-999	-999.0	-999	-999.0	-999.0	-999.0	-999.0	-999.0	-999	-999.0	-999.0	-999.0	1.73	-999.0	-999	-999.0
sub-ON11411	-999	-999	-999	-999.0	65	1.0	-999	-999	-999.0	-999	-999	-999.0	-999	-999.0	-999	-999.0	-999.0	-999.0	-999.0	-999.0	-999	-999.0	-999.0	-999.0	0.94	-999.0	-999	-999.0
sub-ON12666	-999	-999	-999	-999.0	94	1.1	-999	-999	-999.0	-999	-999	-999.0	-999	-999.0	-999	-999.0	-999.0	-999.0	-999.0	-999.0	-999	-999.0	-999.0	-999.0	1.86	-999.0	-999	-999.0
sub-ON12688	-999	-999	-999	-999.0	311	2.5	-999	-999	-999.0	-999	-999	-999.0	-999	-999.0	-999	-999.0	-999.0	-999.0	-999.0	-999.0	-999	-999.0	-999.0	-999.0	2.8	-999.0	-999	-999.0
sub-ON13545	-999	-999	-999	-999.0	115	1.0	-999	-999	-999.0	-999	-999	-999.0	-999	-999.0	-999	-999.0	-999.0	-999.0	-999.0	-999.0	-999	-999.0	-999.0	-999.0	3.55	-999.0	-999	-999.0
sub-ON13986	-999	-999	-999	-999.0	115	0.8	-999	-999	-999.0	-999	-999	-999.0	-999	-999.0	-999	-999.0	-999.0	-999.0	-999.0	-999.0	-999	-999.0	-999.0	-999.0	0.96	-999.0	-999	-999.0
sub-ON17159	-999	-999	-999	-999.0	93	0.3	-999	-999	-999.0	-999	-999	-999.0	-999	-999.0	-999	-999.0	-999.0	-999.0	-999.0	-999.0	-999	-999.0	-999.0	-999.0	1.38	-999.0	-999	-999.0
sub-ON18047	-999	-999	-999	-999.0	130	<0.15	-999	-999	-999.0	-999	-999	-999.0	-999	-999.0	-999	-999.0	-999.0	-999.0	-999.0	-999.0	-999	-999.0	-999.0	-999.0	2.49	-999.0	-999	-999.0
sub-ON21834	-999	-999	-999	-999.0	92	0.8	-999	-999	-999.0	-999	-999	-999.0	-999	-999.0	-999	-999.0	-999.0	-999.0	-999.0	-999.0	-999	-999.0	-999.0	-999.0	1.58	-999.0	-999	-999.0
sub-ON21959	-999	-999	-999	-999.0	108	<0.15	-999	-999	-999.0	-999	-999	-999.0	-999	-999.0	-999	-999.0	-999.0	-999.0	-999.0	-999.0	-999	-999.0	-999.0	-999.0	1.2	-999.0	-999	-999.0
sub-ON21976	-999	-999	-999	-999.0	72	4.8	-999	-999	-999.0	-999	-999	-999.0	-999	-999.0	-999	-999.0	-999.0	-999.0	-999.0	-999.0	-999	-999.0	-999.0	-999.0	2.86	-999.0	-999	-999.0
sub-ON22299	-999	-999	-999	-999.0	100	0.6	-999	-999	-999.0	-999	-999	-999.0	-999	-999.0	-999	-999.0	-999.0	-999.0	-999.0	-999.0	-999	-999.0	-999.0	-999.0	3.18	-999.0	-999	-999.0
sub-ON22662	-999	-999	-999	-999.0	222	0.8	-999	-999	-999.0	-999	-999	-999.0	-999	-999.0	-999	-999.0	-999.0	-999.0	-999.0	-999.0	-999	-999.0	-999.0	-999.0	1.27	-999.0	-999	-999.0
sub-ON22671	-999	-999	-999	-999.0	56	3.9	-999	-999	-999.0	-999	-999	-999.0	-999	-999.0	-999	-999.0	-999.0	-999.0	-999.0	-999.0	-999	-999.0	-999.0	-999.0	1.93	-999.0	-999	-999.0
sub-ON23419	-999	-999	-999	-999.0	199	1.1	-999	-999	-999.0	-999	-999	-999.0	-999	-999.0	-999	-999.0	-999.0	-999.0	-999.0	-999.0	-999	-999.0	-999.0	-999.0	1.31	-999.0	-999	-999.0
sub-ON23483	<20.0	-999	-999	2.38	81	0.3	-999	-999	-999.0	-999	-999	-999.0	-999	-999.0	-999	15.0	7.2	-999.0	-999.0	-999.0	-999	-999.0	-999.0	-999.0	0.62	1.4	-999	-999.0
sub-ON23664	-999	-999	-999	-999.0	115	3.6	-999	-999	-999.0	-999	-999	-999.0	-999	-999.0	-999	-999.0	-999.0	-999.0	-999.0	-999.0	-999	-999.0	-999.0	-999.0	1.07	-999.0	-999	-999.0
sub-ON23776	-999	-999	-999	-999.0	77	1.6	-999	-999	-999.0	-999	-999	-999.0	-999	-999.0	-999	-999.0	-999.0	-999.0	-999.0	-999.0	-999	-999.0	-999.0	-999.0	1.84	-999.0	-999	-999.0
sub-ON25658	-999	-999	-999	-999.0	3464	1.9	-999	-999	-999.0	-999	-999	-999.0	-999	-999.0	-999	-999.0	-999.0	-999.0	-999.0	-999.0	-999	-999.0	-999.0	-999.0	1.49	-999.0	-999	-999.0
sub-ON25939	-999	-999	-999	-999.0	299	0.8	-999	-999	-999.0	-999	-999	-999.0	-999	-999.0	-999	-999.0	-999.0	-999.0	-999.0	-999.0	-999	-999.0	-999.0	-999.0	1.8	-999.0	-999	-999.0
sub-ON26105	-999	-999	-999	-999.0	38	2.1	-999	-999	-999.0	-999	-999	-999.0	-999	-999.0	-999	-999.0	-999.0	-999.0	-999.0	-999.0	-999	-999.0	-999.0	-999.0	2.52	-999.0	-999	-999.0
sub-ON26854	-999	-999	-999	-999.0	86	0.4	-999	-999	-999.0	-999	-999	-999.0	-999	-999.0	-999	-999.0	-999.0	-999.0	-999.0	-999.0	-999	-999.0	-999.0	-999.0	1.53	-999.0	-999	-999.0
sub-ON28693	-999	-999	-999	-999.0	-999	0.9	-999	-999	-999.0	-999	-999	-999.0	-999	-999.0	-999	-999.0	-999.0	-999.0	-999.0	-999.0	-999	-999.0	-999.0	-999.0	3.13	-999.0	-999	-999.0
sub-ON30080	-999	-999	-999	-999.0	697	<0.15	-999	-999	-999.0	-999	-999	-999.0	-999	-999.0	-999	-999.0	-999.0	-999.0	-999.0	-999.0	-999	-999.0	-999.0	-999.0	1.02	-999.0	-999	-999.0
sub-ON30535	-999	-999	-999	2.39	44	<0.15	32	-999	-999.0	-999	-999	1.05	-999	3.4	-999	-999.0	-999.0	-999.0	17.0	-999.0	-999	-999.0	-999.0	-999.0	2.96	-999.0	-999	-999.0
sub-ON31551	-999	-999	-999	-999.0	152	<0.15	-999	-999	-999.0	-999	-999	-999.0	-999	-999.0	-999	-999.0	-999.0	-999.0	-999.0	-999.0	-999	-999.0	-999.0	-999.0	2.12	-999.0	-999	-999.0
sub-ON33100	-999	-999	-999	-999.0	229	0.5	-999	-999	-999.0	-999	-999	-999.0	-999	-999.0	-999	-999.0	-999.0	-999.0	-999.0	-999.0	-999	-999.0	-999.0	-999.0	2.27	-999.0	-999	-999.0
sub-ON33159	-999	-999	-999	-999.0	57	0.2	-999	-999	-999.0	-999	-999	-999.0	-999	-999.0	-999	-999.0	-999.0	-999.0	-999.0	-999.0	-999	-999.0	-999.0	-999.0	0.77	-999.0	-999	-999.0
sub-ON33827	-999	-999	-999	-999.0	190	1.2	-999	-999	-999.0	-999	-999	-999.0	-999	-999.0	-999	-999.0	-999.0	-999.0	-999.0	-999.0	-999	-999.0	-999.0	-999.0	0.73	-999.0	-999	-999.0
sub-ON34754	-999	-999	-999	-999.0	52	<0.15	-999	-999	-999.0	-999	-999	-999.0	-999	-999.0	-999	-999.0	-999.0	-999.0	-999.0	-999.0	-999	-999.0	-999.0	-999.0	1.86	-999.0	-999	-999.0
sub-ON34766	-999	-999	-999	-999.0	136	0.6	-999	-999	-999.0	-999	-999	-999.0	-999	-999.0	-999	-999.0	-999.0	-999.0	-999.0	-999.0	-999	-999.0	-999.0	-999.0	1.61	-999.0	-999	-999.0
sub-ON35773	-999	-999	-999	-999.0	53	0.4	-999	-999	-999.0	-999	-999	-999.0	-999	-999.0	-999	-999.0	-999.0	-999.0	-999.0	-999.0	-999	-999.0	-999.0	-999.0	1.04	-999.0	-999	-999.0
sub-ON35920	-999	-999	-999	-999.0	111	0.6	-999	-999	-999.0	-999	-999	-999.0	-999	-999.0	-999	-999.0	-999.0	-999.0	-999.0	-999.0	-999	-999.0	-999.0	-999.0	2.1	-999.0	-999	-999.0
sub-ON37194	-999	-999	-999	-999.0	106	1.0	-999	-999	-999.0	-999	-999	-999.0	-999	-999.0	-999	-999.0	-999.0	-999.0	-999.0	-999.0	-999	-999.0	-999.0	-999.0	2.93	-999.0	-999	-999.0
sub-ON38044	-999	-999	-999	-999.0	248	2.3	-999	-999	-999.0	-999	-999	-999.0	-999	-999.0	-999	-999.0	-999.0	-999.0	-999.0	-999.0	-999	-999.0	-999.0	-999.0	1.44	-999.0	-999	-999.0
sub-ON39099	-999	-999	-999	-999.0	108	0.4	-999	-999	-999.0	-999	-999	-999.0	-999	-999.0	-999	-999.0	-999.0	-999.0	-999.0	-999.0	-999	-999.0	-999.0	-999.0	1.66	-999.0	-999	-999.0
sub-ON39384	-999	-999	-999	-999.0	57	0.6	-999	-999	-999.0	-999	-999	-999.0	-999	-999.0	-999	-999.0	-999.0	-999.0	-999.0	-999.0	-999	-999.0	-999.0	-999.0	2.48	-999.0	-999	-999.0
sub-ON40397	-999	-999	-999	-999.0	57	1.2	-999	-999	-999.0	-999	-999	-999.0	-999	-999.0	-999	-999.0	-999.0	-999.0	-999.0	-999.0	-999	-999.0	-999.0	-999.0	1.77	-999.0	-999	-999.0
sub-ON40757	-999	-999	-999	-999.0	89	0.7	-999	-999	-999.0	-999	-999	-999.0	-999	-999.0	-999	-999.0	-999.0	-999.0	-999.0	-999.0	-999	-999.0	-999.0	-999.0	1.3	-999.0	-999	-999.0
sub-ON42107	-999	-999	-999	-999.0	101	1.9	-999	-999	-999.0	-999	-999	-999.0	-999	-999.0	-999	-999.0	-999.0	-999.0	-999.0	-999.0	-999	-999.0	-999.0	-999.0	1.39	-999.0	-999	-999.0
sub-ON42221	-999	-999	-999	-999.0	67	0.3	-999	-999	-999.0	-999	-999	-999.0	-999	-999.0	-999	-999.0	-999.0	-999.0	-999.0	-999.0	-999	-999.0	-999.0	-999.0	3.19	-999.0	-999	-999.0
sub-ON42941	-999	159	59	-999.0	-999	0.2	-999	-999	-999.0	-999	-999	-999.0	-999	-999.0	38	-999.0	-999.0	-999.0	-999.0	-999.0	-999	-999.0	-999.0	-999.0	-999.0	-999.0	-999	-999.0
sub-ON43001	-999	-999	-999	-999.0	77	1.0	-999	-999	-999.0	-999	-999	-999.0	-999	-999.0	-999	-999.0	-999.0	-999.0	-999.0	-999.0	-999	-999.0	-999.0	-999.0	-999.0	-999.0	-999	-999.0
sub-ON43310	-999	-999	-999	-999.0	77	3.5	-999	-999	-999.0	-999	-999	-999.0	-999	-999.0	-999	-999.0	-999.0	-999.0	-999.0	-999.0	-999	-999.0	-999.0	-999.0	2.18	-999.0	-999	-999.0
sub-ON43585	-999	-999	-999	-999.0	281	<0.15	-999	-999	-999.0	-999	-999	-999.0	-999	-999.0	-999	-999.0	-999.0	-999.0	-999.0	-999.0	-999	-999.0	-999.0	-999.0	2.65	-999.0	-999	-999.0
sub-ON44111	-999	-999	-999	-999.0	146	7.9	-999	-999	-999.0	-999	-999	-999.0	-999	-999.0	-999	-999.0	-999.0	-999.0	-999.0	-999.0	-999	-999.0	-999.0	-999.0	0.52	-999.0	-999	-999.0
sub-ON44262	-999	-999	-999	-999.0	118	0.2	-999	-999	-999.0	-999	-999	-999.0	-999	-999.0	-999	-999.0	-999.0	-999.0	-999.0	-999.0	-999	-999.0	-999.0	-999.0	1.31	-999.0	-999	-999.0
sub-ON46717	-999	-999	-999	-999.0	92	1.2	-999	-999	-999.0	-999	-999	-999.0	-999	-999.0	-999	-999.0	-999.0	-999.0	-999.0	-999.0	-999	-999.0	-999.0	-999.0	1.87	-999.0	-999	-999.0
sub-ON47254	-999	-999	-999	-999.0	390	0.6	-999	-999	-999.0	-999	-999	-999.0	-999	-999.0	-999	-999.0	-999.0	-999.0	-999.0	-999.0	-999	-999.0	-999.0	-999.0	2.26	-999.0	-999	-999.0
sub-ON48190	-999	-999	-999	-999.0	346	2.5	-999	-999	-999.0	-999	-999	-999.0	-999	-999.0	-999	-999.0	-999.0	-999.0	-999.0	-999.0	-999	-999.0	-999.0	-999.0	1.31	-999.0	-999	-999.0
sub-ON48555	-999	-999	-999	-999.0	131	0.7	-999	-999	-999.0	-999	-999	-999.0	-999	-999.0	-999	-999.0	-999.0	-999.0	-999.0	-999.0	-999	-999.0	-999.0	-999.0	1.46	-999.0	-999	-999.0
sub-ON48925	-999	-999	-999	-999.0	125	5.4	-999	-999	-999.0	-999	-999	-999.0	-999	-999.0	-999	-999.0	-999.0	-999.0	-999.0	-999.0	-999	-999.0	-999.0	-999.0	1.38	-999.0	-999	-999.0
sub-ON48984	-999	-999	-999	-999.0	219	1.4	-999	-999	-999.0	-999	-999	-999.0	-999	-999.0	-999	-999.0	-999.0	-999.0	-999.0	-999.0	-999	-999.0	-999.0	-999.0	3.43	-999.0	-999	-999.0
sub-ON49080	-999	-999	-999	-999.0	108	0.3	-999	-999	-999.0	-999	-999	-999.0	-999	-999.0	-999	-999.0	-999.0	-999.0	-999.0	-999.0	-999	-999.0	-999.0	-999.0	1.33	-999.0	-999	-999.0
sub-ON50015	-999	-999	-999	-999.0	130	3.0	-999	-999	-999.0	-999	-999	-999.0	-999	-999.0	-999	-999.0	-999.0	-999.0	-999.0	-999.0	-999	-999.0	-999.0	-999.0	1.16	-999.0	-999	-999.0
sub-ON50636	-999	-999	-999	-999.0	133	1.8	-999	-999	-999.0	-999	-999	-999.0	-999	-999.0	-999	-999.0	-999.0	-999.0	-999.0	-999.0	-999	-999.0	-999.0	-999.0	1.98	-999.0	-999	-999.0
sub-ON51005	-999	-999	-999	-999.0	84	2.6	-999	-999	-999.0	-999	-999	-999.0	-999	-999.0	-999	-999.0	-999.0	-999.0	-999.0	-999.0	-999	-999.0	-999.0	-999.0	4.81	-999.0	-999	-999.0
sub-ON52662	-999	-999	-999	-999.0	374	0.8	-999	-999	-999.0	-999	-999	-999.0	-999	-999.0	-999	-999.0	-999.0	-999.0	-999.0	-999.0	-999	-999.0	-999.0	-999.0	2.93	-999.0	-999	-999.0
sub-ON52733	-999	-999	-999	-999.0	117	0.5	-999	-999	-999.0	-999	-999	-999.0	-999	-999.0	-999	-999.0	-999.0	-999.0	-999.0	-999.0	-999	-999.0	-999.0	-999.0	1.23	-999.0	-999	-999.0
sub-ON52992	-999	-999	-999	-999.0	342	<0.15	-999	-999	-999.0	-999	-999	-999.0	-999	-999.0	-999	-999.0	-999.0	-999.0	-999.0	-999.0	-999	-999.0	-999.0	-999.0	0.49	-999.0	-999	-999.0
sub-ON53222	-999	-999	-999	-999.0	79	0.6	-999	-999	-999.0	-999	-999	-999.0	-999	-999.0	-999	-999.0	-999.0	-999.0	-999.0	-999.0	-999	-999.0	-999.0	-999.0	1.58	-999.0	-999	-999.0
sub-ON53330	-999	-999	-999	-999.0	132	0.2	-999	-999	-999.0	-999	-999	-999.0	-999	-999.0	-999	-999.0	-999.0	-999.0	-999.0	-999.0	-999	-999.0	-999.0	-999.0	2.94	-999.0	-999	-999.0
sub-ON54268	-999	-999	-999	-999.0	1583	0.3	-999	-999	-999.0	-999	-999	-999.0	-999	-999.0	-999	-999.0	-999.0	-999.0	-999.0	-999.0	-999	-999.0	-999.0	-999.0	3.44	-999.0	-999	-999.0
sub-ON54400	-999	-999	-999	-999.0	69	1.0	-999	-999	-999.0	-999	-999	-999.0	-999	-999.0	-999	-999.0	-999.0	-999.0	-999.0	-999.0	-999	-999.0	-999.0	-999.0	4.69	-999.0	-999	-999.0
sub-ON54886	-999	-999	-999	-999.0	93	0.6	-999	-999	-999.0	-999	-999	-999.0	-999	-999.0	-999	-999.0	-999.0	-999.0	-999.0	-999.0	-999	-999.0	-999.0	-999.0	1.13	-999.0	-999	-999.0
sub-ON55211	-999	-999	-999	-999.0	477	2.2	-999	-999	-999.0	-999	-999	-999.0	-999	-999.0	-999	-999.0	-999.0	-999.0	-999.0	-999.0	-999	-999.0	-999.0	-999.0	4.07	-999.0	-999	-999.0
sub-ON55431	-999	-999	-999	-999.0	105	0.9	-999	-999	-999.0	-999	-999	-999.0	-999	-999.0	-999	-999.0	-999.0	-999.0	-999.0	-999.0	-999	-999.0	-999.0	-999.0	1.72	-999.0	-999	-999.0
sub-ON55820	-999	-999	-999	-999.0	79	1.1	-999	-999	-999.0	-999	-999	-999.0	-999	-999.0	-999	-999.0	-999.0	-999.0	-999.0	-999.0	-999	-999.0	-999.0	-999.0	1.65	-999.0	-999	-999.0
sub-ON56044	-999	-999	-999	-999.0	384	<0.15	-999	-999	-999.0	-999	-999	-999.0	-999	-999.0	-999	-999.0	-999.0	-999.0	-999.0	-999.0	-999	-999.0	-999.0	-999.0	1.52	-999.0	-999	-999.0
sub-ON56250	-999	-999	-999	-999.0	99	0.6	-999	-999	-999.0	-999	-999	-999.0	-999	-999.0	-999	-999.0	-999.0	-999.0	-999.0	-999.0	-999	-999.0	-999.0	-999.0	0.87	-999.0	-999	-999.0
sub-ON58053	-999	-999	-999	-999.0	76	0.4	-999	-999	-999.0	-999	-999	-999.0	-999	-999.0	-999	-999.0	-999.0	-999.0	-999.0	-999.0	-999	-999.0	-999.0	-999.0	2.31	-999.0	-999	-999.0
sub-ON59735	-999	-999	-999	-999.0	626	1.2	-999	-999	-999.0	-999	-999	-999.0	-999	-999.0	-999	-999.0	-999.0	-999.0	-999.0	-999.0	-999	-999.0	-999.0	-999.0	1.53	-999.0	-999	-999.0
sub-ON61087	-999	-999	-999	-999.0	157	0.8	-999	-999	-999.0	-999	-999	-999.0	-999	-999.0	-999	-999.0	-999.0	-999.0	-999.0	-999.0	-999	-999.0	-999.0	-999.0	1.32	-999.0	-999	-999.0
sub-ON61373	-999	-999	-999	-999.0	777	3.6	-999	-999	-999.0	-999	-999	-999.0	-999	-999.0	-999	-999.0	-999.0	-999.0	-999.0	-999.0	-999	-999.0	-999.0	-999.0	0.83	-999.0	-999	-999.0
sub-ON62003	-999	-999	-999	-999.0	161	3.2	-999	-999	-999.0	-999	-999	-999.0	-999	-999.0	-999	-999.0	-999.0	-999.0	13.9	-999.0	-999	-999.0	-999.0	-999.0	2.22	-999.0	-999	-999.0
sub-ON62210	-999	-999	-999	-999.0	227	0.5	-999	-999	-999.0	-999	-999	-999.0	-999	-999.0	-999	-999.0	-999.0	-999.0	-999.0	-999.0	-999	-999.0	-999.0	-999.0	2.53	-999.0	-999	-999.0
sub-ON62592	-999	-999	-999	-999.0	98	5.4	-999	-999	-999.0	-999	-999	-999.0	-999	-999.0	-999	-999.0	-999.0	-999.0	-999.0	-999.0	-999	-999.0	-999.0	-999.0	1.33	-999.0	-999	-999.0
sub-ON62623	-999	-999	-999	-999.0	247	<0.15	-999	-999	-999.0	-999	-999	-999.0	-999	-999.0	-999	-999.0	-999.0	-999.0	-999.0	-999.0	-999	-999.0	-999.0	-999.0	0.75	-999.0	-999	-999.0
sub-ON62955	-999	-999	-999	-999.0	80	3.2	-999	-999	-999.0	-999	-999	-999.0	-999	-999.0	-999	-999.0	-999.0	-999.0	-999.0	-999.0	-999	-999.0	-999.0	-999.0	1.65	-999.0	-999	-999.0
sub-ON63211	-999	-999	-999	-999.0	300	6.7	-999	-999	-999.0	-999	-999	-999.0	-999	-999.0	-999	-999.0	-999.0	-999.0	13.4	-999.0	-999	-999.0	-999.0	-999.0	0.69	-999.0	-999	-999.0
sub-ON63335	-999	-999	-999	-999.0	HEMOLYZED	0.7	-999	-999	-999.0	-999	-999	-999.0	-999	-999.0	-999	-999.0	-999.0	-999.0	-999.0	-999.0	-999	-999.0	-999.0	-999.0	1.2	-999.0	-999	-999.0
sub-ON63704	-999	-999	-999	-999.0	148	0.3	-999	-999	-999.0	-999	-999	-999.0	-999	-999.0	-999	-999.0	-999.0	-999.0	-999.0	-999.0	-999	-999.0	-999.0	-999.0	1.15	-999.0	-999	-999.0
sub-ON63734	-999	-999	-999	-999.0	146	<0.15	-999	-999	-999.0	-999	-999	-999.0	-999	-999.0	-999	-999.0	-999.0	-999.0	-999.0	-999.0	-999	-999.0	-999.0	-999.0	1.6	-999.0	-999	-999.0
sub-ON64211	-999	-999	-999	-999.0	108	1.5	-999	-999	-999.0	-999	-999	-999.0	-999	-999.0	-999	-999.0	-999.0	-999.0	-999.0	-999.0	-999	-999.0	-999.0	-999.0	1.29	-999.0	-999	-999.0
sub-ON64320	-999	-999	-999	-999.0	70	2.6	-999	-999	-999.0	-999	-999	-999.0	-999	-999.0	-999	-999.0	-999.0	-999.0	-999.0	-999.0	-999	-999.0	-999.0	-999.0	3.69	-999.0	-999	-999.0
sub-ON65322	-999	-999	-999	-999.0	143	3.6	-999	-999	-999.0	-999	-999	-999.0	-999	-999.0	-999	-999.0	-999.0	-999.0	-999.0	-999.0	-999	-999.0	-999.0	-999.0	1.65	-999.0	-999	-999.0
sub-ON65510	-999	-999	-999	-999.0	57	2.6	-999	-999	-999.0	-999	-999	-999.0	-999	-999.0	-999	-999.0	-999.0	-999.0	-999.0	-999.0	-999	-999.0	-999.0	-999.0	1.96	-999.0	-999	-999.0
sub-ON65553	-999	-999	-999	-999.0	76	0.3	-999	-999	-999.0	-999	-999	-999.0	-999	-999.0	-999	-999.0	-999.0	-999.0	-999.0	-999.0	-999	-999.0	-999.0	-999.0	3.71	-999.0	-999	-999.0
sub-ON65733	-999	-999	-999	-999.0	93	1.0	-999	-999	-999.0	-999	-999	-999.0	-999	-999.0	-999	-999.0	-999.0	-999.0	-999.0	-999.0	-999	-999.0	-999.0	-999.0	1.13	-999.0	-999	-999.0
sub-ON66199	-999	-999	-999	-999.0	115	1.2	-999	-999	-999.0	-999	-999	-999.0	-999	-999.0	-999	-999.0	-999.0	-999.0	-999.0	-999.0	-999	-999.0	-999.0	-999.0	2.57	-999.0	-999	-999.0
sub-ON66510	-999	-999	-999	-999.0	70	0.2	-999	-999	-999.0	-999	-999	-999.0	-999	-999.0	-999	-999.0	-999.0	-999.0	-999.0	-999.0	-999	-999.0	-999.0	-999.0	2.05	-999.0	-999	-999.0
sub-ON66557	-999	-999	-999	-999.0	83	1.1	-999	-999	-999.0	-999	-999	-999.0	-999	-999.0	-999	-999.0	-999.0	-999.0	-999.0	-999.0	-999	-999.0	-999.0	-999.0	1.56	-999.0	-999	-999.0
sub-ON67121	-999	-999	-999	-999.0	75	0.5	-999	-999	-999.0	-999	-999	-999.0	-999	-999.0	-999	-999.0	-999.0	-999.0	-999.0	-999.0	-999	-999.0	-999.0	-999.0	0.85	-999.0	-999	-999.0
sub-ON67435	-999	-999	-999	-999.0	76	0.6	-999	-999	-999.0	-999	-999	-999.0	-999	-999.0	-999	-999.0	-999.0	-999.0	-999.0	-999.0	-999	-999.0	-999.0	-999.0	2.1	-999.0	-999	-999.0
sub-ON67563	-999	-999	-999	-999.0	80	<0.15	-999	-999	-999.0	-999	-999	-999.0	-999	-999.0	-999	-999.0	-999.0	-999.0	-999.0	-999.0	-999	-999.0	-999.0	-999.0	2.28	-999.0	-999	-999.0
sub-ON69092	-999	-999	-999	-999.0	210	0.3	-999	-999	-999.0	-999	-999	-999.0	-999	-999.0	-999	-999.0	-999.0	-999.0	14.1	-999.0	-999	-999.0	-999.0	-999.0	0.87	-999.0	-999	-999.0
sub-ON70467	-999	-999	-999	-999.0	91	0.6	-999	-999	-999.0	-999	-999	-999.0	-999	-999.0	-999	-999.0	-999.0	-999.0	-999.0	-999.0	-999	-999.0	-999.0	-999.0	1.0	-999.0	-999	-999.0
sub-ON71932	-999	-999	-999	-999.0	242	1.5	-999	-999	-999.0	-999	-999	-999.0	-999	-999.0	-999	-999.0	-999.0	-999.0	-999.0	-999.0	-999	-999.0	-999.0	-999.0	1.28	-999.0	-999	-999.0
sub-ON72082	-999	-999	-999	-999.0	110	0.4	-999	-999	-999.0	-999	-999	-999.0	-999	-999.0	-999	-999.0	-999.0	-999.0	-999.0	-999.0	-999	-999.0	-999.0	-999.0	0.64	-999.0	-999	-999.0
sub-ON72200	-999	-999	-999	-999.0	120	0.6	-999	-999	-999.0	-999	-999	-999.0	-999	-999.0	-999	-999.0	-999.0	-999.0	-999.0	-999.0	-999	-999.0	-999.0	-999.0	0.63	-999.0	-999	-999.0
sub-ON73121	-999	-999	-999	-999.0	92	0.6	-999	-999	-999.0	-999	-999	-999.0	-999	-999.0	-999	-999.0	-999.0	-999.0	-999.0	-999.0	-999	-999.0	-999.0	-999.0	0.97	-999.0	-999	-999.0
sub-ON73211	-999	-999	-999	-999.0	1065	1.9	-999	-999	-999.0	-999	-999	-999.0	-999	-999.0	-999	-999.0	-999.0	-999.0	-999.0	-999.0	-999	-999.0	-999.0	-999.0	1.07	-999.0	-999	-999.0
sub-ON74065	-999	-999	-999	-999.0	75	0.6	-999	-999	-999.0	-999	-999	-999.0	-999	-999.0	-999	-999.0	-999.0	-999.0	-999.0	-999.0	-999	-999.0	-999.0	-999.0	0.92	-999.0	-999	-999.0
sub-ON74110	-999	-999	-999	-999.0	94	0.4	23	-999	-999.0	85	-999	-999.0	-999	-999.0	-999	-999.0	-999.0	-999.0	-999.0	-999.0	-999	-999.0	-999.0	-999.0	1.13	-999.0	311	-999.0
sub-ON75411	-999	-999	-999	-999.0	43	3.4	-999	-999	-999.0	-999	-999	-999.0	-999	-999.0	-999	-999.0	-999.0	-999.0	-999.0	-999.0	-999	-999.0	-999.0	-999.0	2.21	-999.0	-999	-999.0
sub-ON75431	-999	-999	-999	2.36	56	5.7	-999	-999	-999.0	-999	180	0.84	-999	4.0	-999	-999.0	7.2	-999.0	-999.0	-999.0	-999	-999.0	-999.0	-999.0	2.13	-999.0	-999	5.2
sub-ON75450	-999	-999	-999	-999.0	62	4.9	-999	-999	-999.0	-999	-999	-999.0	-999	-999.0	-999	-999.0	-999.0	-999.0	-999.0	-999.0	-999	-999.0	-999.0	-999.0	2.54	-999.0	-999	-999.0
sub-ON76303	-999	-999	-999	-999.0	540	4.3	-999	-999	-999.0	-999	-999	-999.0	-999	-999.0	-999	-999.0	-999.0	-999.0	-999.0	-999.0	-999	-999.0	-999.0	-999.0	1.4	-999.0	-999	-999.0
sub-ON76400	-999	-999	-999	-999.0	80	1.3	-999	-999	-999.0	-999	-999	-999.0	-999	-999.0	-999	-999.0	-999.0	-999.0	-999.0	-999.0	-999	-999.0	-999.0	-999.0	1.55	-999.0	-999	-999.0
sub-ON76410	-999	-999	-999	-999.0	-999	0.8	-999	-999	-999.0	-999	-999	-999.0	-999	-999.0	-999	-999.0	-999.0	-999.0	-999.0	-999.0	-999	-999.0	-999.0	-999.0	-999.0	-999.0	-999	-999.0
sub-ON76413	-999	-999	-999	-999.0	1595	1.0	-999	-999	-999.0	-999	-999	-999.0	-999	-999.0	-999	-999.0	-999.0	-999.0	-999.0	-999.0	-999	-999.0	-999.0	-999.0	1.39	-999.0	-999	-999.0
sub-ON76430	-999	-999	-999	-999.0	167	0.5	-999	-999	-999.0	-999	-999	-999.0	-999	-999.0	-999	-999.0	-999.0	-999.0	-999.0	-999.0	-999	-999.0	-999.0	-999.0	1.28	-999.0	-999	-999.0
sub-ON76501	-999	-999	-999	-999.0	106	7.6	-999	-999	-999.0	-999	-999	-999.0	-999	-999.0	-999	-999.0	-999.0	-999.0	-999.0	-999.0	-999	-999.0	-999.0	-999.0	2.13	-999.0	-999	-999.0
sub-ON76510	-999	-999	-999	-999.0	71	<0.15	-999	-999	-999.0	-999	-999	-999.0	-999	-999.0	-999	-999.0	-999.0	-999.0	-999.0	-999.0	-999	-999.0	-999.0	-999.0	0.87	-999.0	-999	-999.0
sub-ON77533	-999	-999	-999	-999.0	241	0.4	-999	-999	-999.0	-999	-999	-999.0	-999	-999.0	-999	-999.0	-999.0	-999.0	-999.0	-999.0	-999	-999.0	-999.0	-999.0	-999.0	-999.0	-999	-999.0
sub-ON77541	-999	-999	-999	-999.0	110	0.2	-999	-999	-999.0	-999	-999	-999.0	-999	-999.0	-999	-999.0	-999.0	-999.0	-999.0	-999.0	-999	-999.0	-999.0	-999.0	1.22	-999.0	-999	-999.0
sub-ON77665	-999	-999	-999	-999.0	144	0.9	-999	-999	-999.0	-999	-999	-999.0	-999	-999.0	-999	-999.0	-999.0	-999.0	-999.0	-999.0	-999	-999.0	-999.0	-999.0	4.44	-999.0	-999	-999.0
sub-ON77761	-999	-999	-999	-999.0	129	5.8	-999	-999	-999.0	-999	-999	-999.0	-999	-999.0	-999	-999.0	-999.0	-999.0	-999.0	-999.0	-999	-999.0	-999.0	-999.0	1.31	-999.0	-999	-999.0
sub-ON78603	-999	-999	-999	-999.0	194	0.3	-999	-999	-999.0	-999	-999	-999.0	-999	-999.0	-999	-999.0	-999.0	-999.0	-999.0	-999.0	-999	-999.0	-999.0	-999.0	1.41	-999.0	-999	-999.0
sub-ON79309	-999	-999	-999	-999.0	83	1.2	-999	-999	-999.0	-999	-999	-999.0	-999	-999.0	-999	-999.0	-999.0	-999.0	-999.0	-999.0	-999	-999.0	-999.0	-999.0	1.58	-999.0	-999	-999.0
sub-ON80038	-999	-999	-999	-999.0	86	2.9	-999	-999	-999.0	-999	-999	-999.0	-999	-999.0	-999	-999.0	-999.0	-999.0	-999.0	-999.0	-999	-999.0	-999.0	-999.0	0.83	-999.0	-999	-999.0
sub-ON80356	-999	-999	-999	-999.0	81	0.2	-999	-999	-999.0	-999	-999	-999.0	-999	-999.0	-999	-999.0	-999.0	-999.0	-999.0	-999.0	-999	-999.0	-999.0	-999.0	3.17	-999.0	-999	-999.0
sub-ON81734	-999	-999	-999	-999.0	76	0.5	-999	-999	-999.0	-999	-999	-999.0	-999	-999.0	-999	-999.0	-999.0	-999.0	-999.0	-999.0	-999	-999.0	-999.0	-999.0	1.36	-999.0	-999	-999.0
sub-ON82110	<20.0	-999	-999	-999.0	68	0.2	-999	-999	-999.0	-999	-999	-999.0	-999	-999.0	-999	-999.0	-999.0	-999.0	-999.0	-999.0	-999	-999.0	-999.0	16.3	-999.0	-999.0	-999	-999.0
sub-ON82386	-999	-999	-999	-999.0	75	0.8	-999	-999	-999.0	-999	-999	-999.0	-999	-999.0	-999	-999.0	-999.0	-999.0	-999.0	-999.0	-999	-999.0	-999.0	-999.0	1.54	-999.0	-999	-999.0
sub-ON82798	-999	-999	-999	-999.0	126	0.6	-999	-999	-999.0	-999	-999	-999.0	-999	-999.0	-999	-999.0	-999.0	-999.0	-999.0	-999.0	-999	-999.0	-999.0	-999.0	3.55	-999.0	-999	-999.0
sub-ON82948	-999	-999	-999	-999.0	124	0.8	-999	-999	-999.0	-999	-999	-999.0	-999	-999.0	-999	-999.0	-999.0	-999.0	-999.0	-999.0	-999	-999.0	-999.0	-999.0	1.39	-999.0	-999	-999.0
sub-ON83321	-999	-999	-999	-999.0	69	0.6	-999	-999	-999.0	-999	-999	-999.0	-999	-999.0	-999	-999.0	-999.0	-999.0	-999.0	-999.0	-999	-999.0	-999.0	-999.0	1.59	-999.0	-999	-999.0
sub-ON83331	-999	-999	-999	-999.0	110	0.7	-999	-999	-999.0	-999	-999	-999.0	-999	-999.0	-999	-999.0	-999.0	-999.0	-999.0	-999.0	-999	-999.0	-999.0	-999.0	1.09	-999.0	-999	-999.0
sub-ON84478	-999	-999	-999	-999.0	116	1.7	-999	-999	-999.0	-999	-999	-999.0	-999	-999.0	-999	-999.0	-999.0	-999.0	-999.0	-999.0	-999	-999.0	-999.0	-999.0	2.01	-999.0	-999	-999.0
sub-ON84651	-999	-999	-999	-999.0	117	1.1	-999	-999	-999.0	-999	-999	-999.0	-999	-999.0	-999	-999.0	-999.0	-999.0	-999.0	-999.0	-999	-999.0	-999.0	-999.0	1.45	-999.0	-999	-999.0
sub-ON84896	-999	-999	-999	-999.0	202	6.5	-999	-999	-999.0	-999	-999	-999.0	-999	-999.0	-999	-999.0	-999.0	-999.0	-999.0	-999.0	-999	-999.0	-999.0	-999.0	1.3	-999.0	-999	-999.0
sub-ON85305	-999	-999	-999	-999.0	47	2.0	-999	-999	-999.0	-999	-999	-999.0	-999	-999.0	-999	-999.0	-999.0	-999.0	-999.0	-999.0	-999	-999.0	-999.0	-999.0	2.32	-999.0	-999	-999.0
sub-ON85310	-999	-999	-999	-999.0	590	0.4	-999	-999	-999.0	-999	-999	-999.0	-999	-999.0	-999	-999.0	-999.0	-999.0	-999.0	-999.0	-999	-999.0	-999.0	-999.0	1.42	-999.0	-999	-999.0
sub-ON85321	-999	-999	-999	2.21	118	-999	-999	<1	-999.0	-999	193	0.71	-999	3.7	-999	-999.0	8.4	-999.0	-999.0	-999.0	-999	-999.0	-999.0	-999.0	-999.0	-999.0	-999	3.8
sub-ON85322	-999	-999	-999	-999.0	113	1.0	-999	-999	-999.0	-999	-999	-999.0	-999	-999.0	-999	-999.0	-999.0	-999.0	-999.0	-999.0	-999	-999.0	-999.0	-999.0	1.44	-999.0	-999	-999.0
sub-ON85522	-999	-999	-999	-999.0	60	1.5	-999	-999	-999.0	-999	-999	-999.0	-999	-999.0	-999	-999.0	-999.0	-999.0	-999.0	-999.0	-999	-999.0	-999.0	-999.0	0.69	-999.0	-999	-999.0
sub-ON85616	-999	-999	-999	-999.0	76	0.3	37	<1	-999.0	163	-999	-999.0	-999	-999.0	-999	-999.0	-999.0	-999.0	-999.0	-999.0	-999	-999.0	-999.0	-999.0	2.15	-999.0	255	-999.0
sub-ON85981	-999	-999	-999	-999.0	120	0.9	-999	-999	-999.0	-999	-999	-999.0	-999	-999.0	-999	-999.0	-999.0	-999.0	-999.0	-999.0	-999	-999.0	-999.0	-999.0	2.32	-999.0	-999	-999.0
sub-ON86202	-999	-999	-999	-999.0	119	0.3	-999	-999	-999.0	-999	-999	-999.0	-999	-999.0	-999	-999.0	-999.0	-999.0	-999.0	-999.0	-999	-999.0	-999.0	-999.0	1.43	-999.0	-999	-999.0
sub-ON86431	-999	-999	-999	-999.0	223	0.9	-999	-999	-999.0	-999	-999	-999.0	-999	-999.0	-999	-999.0	-999.0	-999.0	-999.0	-999.0	-999	-999.0	-999.0	-999.0	1.76	-999.0	-999	-999.0
sub-ON86434	-999	-999	-999	-999.0	333	0.8	-999	-999	-999.0	-999	-999	-999.0	-999	-999.0	-999	-999.0	-999.0	-999.0	-999.0	-999.0	-999	-999.0	-999.0	-999.0	1.89	-999.0	-999	-999.0
sub-ON86523	-999	-999	-999	-999.0	137	0.6	-999	-999	-999.0	-999	-999	-999.0	-999	-999.0	-999	-999.0	-999.0	-999.0	-999.0	-999.0	-999	-999.0	-999.0	-999.0	6.07	-999.0	-999	-999.0
sub-ON86543	-999	-999	-999	-999.0	144	2.0	-999	-999	-999.0	-999	-999	-999.0	-999	-999.0	-999	-999.0	-999.0	-999.0	-999.0	-999.0	-999	-999.0	-999.0	-999.0	0.55	-999.0	-999	-999.0
sub-ON86544	-999	-999	-999	-999.0	54	0.3	-999	-999	-999.0	-999	-999	-999.0	-999	-999.0	-999	-999.0	-999.0	-999.0	-999.0	-999.0	-999	-999.0	-999.0	-999.0	1.09	-999.0	-999	-999.0
sub-ON86624	-999	-999	-999	-999.0	58	2.8	-999	-999	-999.0	-999	-999	-999.0	-999	-999.0	-999	-999.0	-999.0	-999.0	-999.0	-999.0	-999	-999.0	-999.0	-999.0	1.67	-999.0	-999	-999.0
sub-ON86641	-999	-999	-999	-999.0	102	0.4	-999	-999	-999.0	-999	-999	-999.0	-999	-999.0	-999	-999.0	-999.0	-999.0	-999.0	-999.0	-999	-999.0	-999.0	-999.0	6.04	-999.0	-999	-999.0
sub-ON86779	-999	-999	-999	-999.0	64	0.2	-999	-999	-999.0	-999	-999	-999.0	-999	-999.0	-999	-999.0	-999.0	-999.0	-999.0	-999.0	-999	-999.0	-999.0	-999.0	2.62	-999.0	-999	-999.0
sub-ON87054	-999	-999	-999	-999.0	541	0.8	-999	-999	-999.0	-999	-999	-999.0	-999	-999.0	-999	-999.0	-999.0	-999.0	-999.0	-999.0	-999	-999.0	-999.0	-999.0	1.11	-999.0	-999	-999.0
sub-ON87092	-999	-999	-999	-999.0	49	1.1	-999	-999	-999.0	-999	-999	-999.0	-999	-999.0	-999	-999.0	-999.0	-999.0	-999.0	-999.0	-999	-999.0	-999.0	-999.0	3.64	-999.0	-999	-999.0
sub-ON87313	-999	-999	-999	-999.0	258	2.6	-999	-999	-999.0	-999	-999	-999.0	-999	-999.0	-999	-999.0	-999.0	-999.0	-999.0	-999.0	-999	-999.0	-999.0	-999.0	3.88	-999.0	-999	-999.0
sub-ON87322	-999	-999	-999	-999.0	334	4.6	-999	-999	-999.0	-999	-999	-999.0	-999	-999.0	-999	-999.0	-999.0	-999.0	-999.0	-999.0	-999	-999.0	-999.0	-999.0	1.22	-999.0	-999	-999.0
sub-ON87413	-999	-999	-999	-999.0	116	0.5	-999	-999	-999.0	-999	-999	-999.0	-999	-999.0	-999	-999.0	-999.0	-999.0	-999.0	-999.0	-999	-999.0	-999.0	-999.0	1.85	-999.0	-999	-999.0
sub-ON87515	-999	-999	-999	-999.0	65	0.2	-999	-999	-999.0	-999	-999	-999.0	-999	-999.0	-999	-999.0	-999.0	-999.0	-999.0	-999.0	-999	-999.0	-999.0	-999.0	2.04	-999.0	-999	-999.0
sub-ON87532	-999	-999	-999	-999.0	74	0.3	-999	-999	-999.0	-999	-999	-999.0	-999	-999.0	-999	-999.0	-999.0	-999.0	-999.0	-999.0	-999	-999.0	-999.0	-999.0	1.96	-999.0	-999	-999.0
sub-ON87533	-999	-999	-999	-999.0	151	0.8	-999	-999	-999.0	-999	-999	-999.0	-999	-999.0	-999	-999.0	-999.0	17.2	-999.0	3.1	93	2.0	6.3	-999.0	12.42	-999.0	-999	-999.0
sub-ON87538	-999	-999	-999	-999.0	274	2.5	-999	-999	-999.0	-999	-999	-999.0	-999	-999.0	-999	-999.0	-999.0	-999.0	-999.0	-999.0	-999	-999.0	-999.0	-999.0	2.51	-999.0	-999	-999.0
sub-ON87551	-999	-999	-999	-999.0	101	4.8	-999	-999	-999.0	-999	-999	-999.0	-999	-999.0	-999	-999.0	-999.0	-999.0	-999.0	-999.0	-999	-999.0	-999.0	-999.0	3.05	-999.0	-999	-999.0
sub-ON87602	-999	-999	-999	-999.0	73	4.9	-999	-999	-999.0	-999	-999	-999.0	-999	-999.0	-999	-999.0	-999.0	-999.0	-999.0	-999.0	-999	-999.0	-999.0	-999.0	2.38	-999.0	-999	-999.0
sub-ON87716	-999	-999	-999	-999.0	134	4.2	-999	-999	-999.0	-999	-999	-999.0	-999	-999.0	-999	-999.0	-999.0	-999.0	-999.0	-999.0	-999	-999.0	-999.0	-999.0	0.83	-999.0	-999	-999.0
sub-ON87732	-999	-999	-999	-999.0	383	0.5	-999	-999	-999.0	-999	-999	-999.0	-999	-999.0	-999	-999.0	-999.0	-999.0	-999.0	-999.0	-999	-999.0	-999.0	-999.0	5.01	-999.0	-999	-999.0
sub-ON87772	-999	-999	-999	-999.0	204	0.6	-999	-999	-999.0	-999	-999	-999.0	-999	-999.0	-999	-999.0	-999.0	-999.0	-999.0	-999.0	-999	-999.0	-999.0	-999.0	2.43	-999.0	-999	-999.0
sub-ON87773	-999	-999	-999	-999.0	84	0.2	-999	-999	-999.0	-999	-999	-999.0	-999	-999.0	-999	-999.0	-999.0	-999.0	-999.0	-999.0	-999	-999.0	-999.0	-999.0	2.3	-999.0	-999	-999.0
sub-ON88321	-999	-999	-999	-999.0	119	0.5	-999	-999	-999.0	-999	-999	-999.0	-999	-999.0	-999	-999.0	-999.0	-999.0	-999.0	-999.0	-999	-999.0	-999.0	-999.0	0.64	-999.0	-999	-999.0
sub-ON88331	-999	-999	-999	-999.0	119	2.0	-999	-999	-999.0	-999	-999	-999.0	-999	-999.0	-999	-999.0	-999.0	-999.0	-999.0	-999.0	-999	-999.0	-999.0	-999.0	1.62	-999.0	-999	-999.0
sub-ON88614	-999	-999	-999	-999.0	183	2.1	-999	-999	-999.0	-999	-999	-999.0	-999	-999.0	-999	-999.0	-999.0	-999.0	-999.0	-999.0	-999	-999.0	-999.0	-999.0	1.85	-999.0	-999	-999.0
sub-ON88631	-999	-999	-999	-999.0	252	1.4	-999	-999	-999.0	-999	-999	-999.0	-999	-999.0	-999	-999.0	-999.0	-999.0	-999.0	-999.0	-999	-999.0	-999.0	-999.0	2.18	-999.0	-999	-999.0
sub-ON88732	-999	-999	-999	-999.0	78	3.5	-999	-999	-999.0	-999	-999	-999.0	-999	-999.0	-999	-999.0	-999.0	-999.0	-999.0	-999.0	-999	-999.0	-999.0	-999.0	2.11	-999.0	-999	-999.0
sub-ON88753	-999	-999	-999	-999.0	138	0.4	-999	-999	-999.0	-999	-999	-999.0	-999	-999.0	-999	-999.0	-999.0	-999.0	-999.0	-999.0	-999	-999.0	-999.0	-999.0	0.83	-999.0	-999	-999.0
sub-ON88766	-999	-999	-999	-999.0	77	5.8	-999	-999	-999.0	-999	-999	-999.0	-999	-999.0	-999	-999.0	-999.0	-999.0	-999.0	-999.0	-999	-999.0	-999.0	-999.0	2.17	-999.0	-999	-999.0
sub-ON88871	-999	-999	-999	2.44	309	6.6	-999	-999	-999.0	-999	232	0.87	-999	3.2	-999	-999.0	8.2	-999.0	11.2	-999.0	-999	-999.0	-999.0	-999.0	0.99	-999.0	-999	5.9
sub-ON88875	-999	-999	-999	-999.0	86	5.1	-999	-999	-999.0	-999	-999	-999.0	-999	-999.0	-999	-999.0	-999.0	-999.0	-999.0	-999.0	-999	-999.0	-999.0	-999.0	0.99	-999.0	-999	-999.0
sub-ON89045	-999	-999	-999	-999.0	98	0.2	-999	-999	-999.0	-999	-999	-999.0	-999	-999.0	-999	-999.0	-999.0	-999.0	-999.0	-999.0	-999	-999.0	-999.0	-999.0	2.99	-999.0	-999	-999.0
sub-ON89474	-999	-999	-999	-999.0	51	0.4	-999	-999	-999.0	-999	-999	-999.0	-999	-999.0	-999	-999.0	-999.0	-999.0	-999.0	-999.0	-999	-999.0	-999.0	-999.0	1.13	-999.0	-999	-999.0
sub-ON89475	-999	-999	-999	-999.0	51	3.7	-999	-999	-999.0	-999	-999	-999.0	-999	-999.0	-999	-999.0	-999.0	-999.0	-999.0	-999.0	-999	-999.0	-999.0	-999.0	0.73	-999.0	-999	-999.0
sub-ON91100	-999	-999	-999	-999.0	136	1.2	-999	-999	-999.0	-999	-999	-999.0	-999	-999.0	-999	-999.0	-999.0	-999.0	-999.0	-999.0	-999	-999.0	-999.0	-999.0	2.29	-999.0	-999	-999.0
sub-ON91906	-999	-999	-999	-999.0	60	0.2	-999	-999	-999.0	-999	-999	-999.0	-999	-999.0	-999	-999.0	-999.0	-999.0	-999.0	-999.0	-999	-999.0	-999.0	-999.0	1.78	-999.0	-999	-999.0
sub-ON92067	-999	-999	-999	-999.0	59	0.4	-999	-999	-999.0	-999	-999	-999.0	-999	-999.0	-999	-999.0	-999.0	-999.0	-999.0	-999.0	-999	-999.0	-999.0	-999.0	1.36	-999.0	-999	-999.0
sub-ON93016	-999	-999	-999	-999.0	54	2.0	-999	-999	-999.0	-999	-999	-999.0	-999	-999.0	-999	-999.0	-999.0	-999.0	-999.0	-999.0	-999	-999.0	-999.0	-999.0	0.71	-999.0	-999	-999.0
sub-ON93311	-999	-999	-999	-999.0	47	0.5	-999	-999	-999.0	-999	-999	-999.0	-999	-999.0	-999	-999.0	-999.0	-999.0	-999.0	-999.0	-999	-999.0	-999.0	-999.0	2.61	-999.0	-999	-999.0
sub-ON94423	-999	-999	-999	-999.0	118	0.2	-999	-999	-999.0	-999	-999	-999.0	-999	-999.0	-999	-999.0	-999.0	-999.0	-999.0	-999.0	-999	-999.0	-999.0	-999.0	1.39	-999.0	-999	-999.0
sub-ON94663	-999	-999	-999	-999.0	76	1.0	-999	-999	-999.0	-999	-999	-999.0	-999	-999.0	-999	-999.0	-999.0	-999.0	-999.0	-999.0	-999	-999.0	-999.0	-999.0	1.26	-999.0	-999	-999.0
sub-ON95003	-999	-999	-999	-999.0	48	0.8	-999	-999	-999.0	-999	-999	-999.0	-999	-999.0	-999	-999.0	-999.0	-999.0	-999.0	-999.0	-999	-999.0	-999.0	-999.0	2.01	-999.0	-999	-999.0
sub-ON95230	-999	-999	-999	-999.0	91	0.6	-999	-999	-999.0	-999	-999	-999.0	-999	-999.0	-999	-999.0	-999.0	-999.0	-999.0	-999.0	-999	-999.0	-999.0	-999.0	1.45	-999.0	-999	-999.0
sub-ON95259	-999	-999	-999	-999.0	200	7.4	-999	-999	-999.0	-999	-999	-999.0	-999	-999.0	-999	-999.0	-999.0	-999.0	-999.0	-999.0	-999	-999.0	-999.0	-999.0	1.78	-999.0	-999	-999.0
sub-ON95311	-999	-999	-999	-999.0	86	1.9	-999	-999	-999.0	-999	-999	-999.0	-999	-999.0	-999	-999.0	-999.0	-999.0	-999.0	-999.0	-999	-999.0	-999.0	-999.0	1.5	-999.0	-999	-999.0
sub-ON95403	-999	-999	-999	-999.0	53	0.7	-999	-999	-999.0	-999	-999	-999.0	-999	-999.0	-999	-999.0	-999.0	-999.0	-999.0	-999.0	-999	-999.0	-999.0	-999.0	0.75	-999.0	-999	-999.0
sub-ON95420	-999	-999	-999	-999.0	97	1.0	-999	-999	-999.0	-999	-999	-999.0	-999	-999.0	-999	-999.0	-999.0	-999.0	-999.0	-999.0	-999	-999.0	-999.0	-999.0	1.85	-999.0	-999	-999.0
sub-ON95422	-999	-999	-999	-999.0	207	<0.15	-999	-999	-999.0	-999	-999	-999.0	-999	-999.0	-999	-999.0	-999.0	-999.0	-999.0	-999.0	-999	-999.0	-999.0	-999.0	4.15	-999.0	-999	-999.0
sub-ON95514	-999	-999	-999	-999.0	83	0.9	-999	-999	-999.0	-999	-999	-999.0	-999	-999.0	-999	-999.0	-999.0	-999.0	-999.0	-999.0	-999	-999.0	-999.0	-999.0	2.24	-999.0	-999	-999.0
sub-ON95534	-999	-999	-999	-999.0	66	0.6	-999	-999	-999.0	-999	-999	-999.0	-999	-999.0	-999	-999.0	-999.0	-999.0	-999.0	-999.0	-999	-999.0	-999.0	-999.0	0.74	-999.0	-999	-999.0
sub-ON95541	-999	-999	-999	-999.0	71	0.6	-999	-999	-999.0	-999	-999	-999.0	-999	-999.0	-999	-999.0	-999.0	-999.0	-999.0	-999.0	-999	-999.0	-999.0	-999.0	1.32	-999.0	-999	-999.0
sub-ON95742	-999	-999	-999	-999.0	57	0.5	-999	-999	-999.0	-999	-999	-999.0	-999	-999.0	-999	-999.0	-999.0	-999.0	-999.0	-999.0	-999	-999.0	-999.0	-999.0	1.32	-999.0	-999	-999.0
sub-ON96311	-999	-999	-999	-999.0	121	1.7	-999	-999	-999.0	-999	-999	-999.0	-999	-999.0	-999	-999.0	-999.0	-999.0	-999.0	-999.0	-999	-999.0	-999.0	-999.0	2.44	-999.0	-999	-999.0
sub-ON96333	-999	-999	-999	-999.0	59	3.9	-999	-999	-999.0	-999	-999	-999.0	-999	-999.0	-999	-999.0	-999.0	-999.0	-999.0	-999.0	-999	-999.0	-999.0	-999.0	2.15	-999.0	-999	-999.0
sub-ON96403	-999	-999	-999	-999.0	100	<0.15	-999	-999	-999.0	-999	-999	-999.0	-999	-999.0	-999	-999.0	-999.0	-999.0	-999.0	-999.0	-999	-999.0	-999.0	-999.0	3.34	-999.0	-999	-999.0
sub-ON96522	-999	-999	-999	-999.0	99	0.4	-999	-999	-999.0	-999	-999	-999.0	-999	-999.0	-999	-999.0	-999.0	-999.0	-999.0	-999.0	-999	-999.0	-999.0	-999.0	1.19	-999.0	-999	-999.0
sub-ON96545	-999	-999	-999	2.37	49	18.8	-999	-999	-999.0	-999	-999	0.85	-999	2.9	-999	-999.0	-999.0	-999.0	-999.0	-999.0	-999	-999.0	-999.0	-999.0	2.75	-999.0	-999	-999.0
sub-ON96632	-999	156	141	-999.0	277	0.2	-999	-999	6.4	-999	-999	-999.0	125	-999.0	-999	-999.0	-999.0	-999.0	-999.0	-999.0	-999	-999.0	-999.0	-999.0	1.68	-999.0	-999	6.5
sub-ON96653	-999	-999	-999	-999.0	121	3.5	-999	-999	-999.0	-999	-999	-999.0	-999	-999.0	-999	-999.0	-999.0	-999.0	-999.0	-999.0	-999	-999.0	-999.0	-999.0	2.39	-999.0	-999	-999.0
sub-ON97113	-999	-999	-999	-999.0	411	3.2	-999	-999	-999.0	-999	-999	-999.0	-999	-999.0	-999	-999.0	-999.0	-999.0	-999.0	-999.0	-999	-999.0	-999.0	-999.0	0.55	-999.0	-999	-999.0
sub-ON97130	-999	-999	-999	-999.0	127	0.9	-999	-999	-999.0	-999	-999	-999.0	-999	-999.0	-999	-999.0	-999.0	-999.0	-999.0	-999.0	-999	-999.0	-999.0	-999.0	1.61	-999.0	-999	-999.0
sub-ON97231	-999	-999	-999	-999.0	87	1.1	-999	-999	-999.0	-999	-999	-999.0	-999	-999.0	-999	-999.0	-999.0	-999.0	-999.0	-999.0	-999	-999.0	-999.0	-999.0	1.75	-999.0	-999	-999.0
sub-ON97432	-999	-999	-999	-999.0	53	4.7	-999	-999	-999.0	-999	-999	-999.0	-999	-999.0	-999	-999.0	-999.0	-999.0	-999.0	-999.0	-999	-999.0	-999.0	-999.0	2.38	-999.0	-999	-999.0
sub-ON97441	-999	-999	-999	-999.0	77	0.6	-999	-999	-999.0	-999	-999	-999.0	-999	-999.0	-999	-999.0	-999.0	-999.0	-999.0	-999.0	-999	-999.0	-999.0	-999.0	1.65	-999.0	-999	-999.0
sub-ON97451	-999	-999	-999	-999.0	102	1.0	-999	-999	-999.0	-999	-999	-999.0	-999	-999.0	-999	-999.0	-999.0	-999.0	-999.0	-999.0	-999	-999.0	-999.0	-999.0	1.82	-999.0	-999	-999.0
sub-ON97504	-999	-999	-999	-999.0	134	0.2	-999	-999	-999.0	-999	-999	-999.0	-999	-999.0	-999	-999.0	-999.0	-999.0	-999.0	-999.0	-999	-999.0	-999.0	-999.0	1.45	-999.0	-999	-999.0
sub-ON98018	-999	-999	-999	-999.0	376	1.2	-999	-999	-999.0	-999	-999	-999.0	-999	-999.0	-999	-999.0	-999.0	-999.0	-999.0	-999.0	-999	-999.0	-999.0	-999.0	1.33	-999.0	-999	-999.0
sub-ON98098	-999	-999	-999	-999.0	53	1.1	-999	-999	-999.0	-999	-999	-999.0	-999	-999.0	-999	-999.0	-999.0	-999.0	-999.0	-999.0	-999	-999.0	-999.0	-999.0	2.89	-999.0	-999	-999.0
sub-ON98320	-999	-999	-999	-999.0	163	1.6	-999	-999	-999.0	-999	-999	-999.0	-999	-999.0	-999	-999.0	-999.0	-999.0	-999.0	-999.0	-999	-999.0	-999.0	-999.0	2.15	-999.0	-999	-999.0
sub-ON98321	-999	-999	-999	-999.0	47	<0.15	-999	-999	-999.0	-999	-999	-999.0	-999	-999.0	-999	-999.0	-999.0	-999.0	-999.0	-999.0	-999	-999.0	-999.0	-999.0	1.48	-999.0	-999	-999.0
sub-ON98330	-999	-999	-999	-999.0	66	0.6	-999	-999	-999.0	-999	-999	-999.0	-999	-999.0	-999	-999.0	-999.0	-999.0	-999.0	-999.0	-999	-999.0	-999.0	-999.0	1.37	-999.0	-999	-999.0
sub-ON98510	-999	-999	-999	-999.0	107	0.5	-999	-999	-999.0	-999	-999	-999.0	-999	-999.0	-999	-999.0	-999.0	-999.0	-999.0	-999.0	-999	-999.0	-999.0	-999.0	0.44	-999.0	-999	-999.0
sub-ON98642	-999	-999	-999	-999.0	89	0.5	-999	-999	-999.0	-999	-999	-999.0	-999	-999.0	-999	-999.0	-999.0	-999.0	-999.0	-999.0	-999	-999.0	-999.0	-999.0	1.46	-999.0	-999	-999.0
sub-ON98750	-999	-999	-999	-999.0	106	5.4	-999	-999	-999.0	-999	-999	-999.0	-999	-999.0	-999	-999.0	-999.0	-999.0	-999.0	-999.0	-999	-999.0	-999.0	-999.0	1.99	-999.0	-999	-999.0
sub-ON98763	-999	-999	-999	-999.0	68	0.4	-999	-999	-999.0	-999	-999	-999.0	-999	-999.0	-999	-999.0	-999.0	-999.0	-999.0	-999.0	-999	-999.0	-999.0	-999.0	1.28	-999.0	-999	-999.0
sub-ON98806	-999	-999	-999	-999.0	167	0.9	-999	-999	-999.0	-999	-999	-999.0	-999	-999.0	-999	-999.0	-999.0	-999.0	-999.0	-999.0	-999	-999.0	-999.0	-999.0	1.5	-999.0	-999	-999.0
sub-ON98872	-999	-999	-999	-999.0	143	0.4	-999	-999	-999.0	-999	-999	-999.0	-999	-999.0	-999	-999.0	-999.0	-999.0	-999.0	-999.0	-999	-999.0	-999.0	-999.0	1.17	-999.0	-999	-999.0
sub-ON99299	-999	-999	-999	-999.0	141	1.8	-999	-999	-999.0	-999	-999	-999.0	-999	-999.0	-999	-999.0	-999.0	-999.0	-999.0	-999.0	-999	-999.0	-999.0	-999.0	1.55	-999.0	-999	-999.0
sub-ON99330	-999	-999	-999	-999.0	93	5.3	-999	-999	-999.0	-999	-999	-999.0	-999	-999.0	-999	-999.0	-999.0	-999.0	-999.0	-999.0	-999	-999.0	-999.0	-999.0	3.13	-999.0	-999	-999.0
sub-ON99510	-999	-999	-999	-999.0	132	3.9	-999	-999	-999.0	-999	-999	-999.0	-999	-999.0	-999	-999.0	-999.0	-999.0	-999.0	-999.0	-999	-999.0	-999.0	-999.0	1.52	-999.0	-999	-999.0
sub-ON99540	-999	-999	-999	-999.0	99	0.7	-999	-999	-999.0	-999	-999	-999.0	-999	-999.0	-999	-999.0	-999.0	-999.0	-999.0	-999.0	-999	-999.0	-999.0	-999.0	1.18	-999.0	-999	-999.0
sub-ON99554	-999	-999	-999	-999.0	74	1.6	-999	-999	-999.0	-999	-999	-999.0	-999	-999.0	-999	-999.0	-999.0	-999.0	-999.0	-999.0	-999	-999.0	-999.0	-999.0	1.25	-999.0	-999	-999.0
sub-ON99610	-999	-999	-999	-999.0	100	2.6	-999	-999	-999.0	-999	-999	-999.0	-999	-999.0	-999	-999.0	-999.0	-999.0	-999.0	-999.0	-999	-999.0	-999.0	-999.0	1.54	-999.0	-999	-999.0
sub-ON99665	-999	-999	-999	-999.0	135	<0.15	-999	-999	-999.0	-999	-999	-999.0	-999	-999.0	-999	-999.0	-999.0	-999.0	-999.0	-999.0	-999	-999.0	-999.0	-999.0	1.68	-999.0	-999	-999.0
sub-ON99744	-999	-999	-999	-999.0	592	0.3	-999	-999	-999.0	-999	-999	-999.0	-999	-999.0	-999	-999.0	-999.0	-999.0	-999.0	-999.0	-999	-999.0	-999.0	-999.0	1.65	-999.0	-999	-999.0
sub-ON99752	-999	-999	-999	-999.0	621	1.5	-999	-999	-999.0	-999	-999	-999.0	-999	-999.0	-999	-999.0	-999.0	-999.0	-999.0	-999.0	-999	-999.0	-999.0	-999.0	1.61	-999.0	-999	-999.0
sub-ON99753	-999	-999	-999	-999.0	158	0.2	-999	-999	-999.0	-999	-999	-999.0	-999	-999.0	-999	-999.0	-999.0	-999.0	-999.0	-999.0	-999	-999.0	-999.0	-999.0	2.0	-999.0	-999	-999.0
sub-ON99754	-999	-999	-999	-999.0	717	2.5	-999	-999	-999.0	-999	-999	-999.0	-999	-999.0	-999	-999.0	-999.0	-999.0	-999.0	-999.0	-999	-999.0	-999.0	-999.0	0.99	-999.0	-999	-999.0
sub-ON99821	-999	-999	-999	-999.0	157	0.3	-999	-999	-999.0	-999	-999	-999.0	-999	-999.0	-999	-999.0	-999.0	-999.0	-999.0	-999.0	-999	-999.0	-999.0	-999.0	1.43	-999.0	-999	-999.0
sub-ON99860	-999	-999	-999	-999.0	83	0.4	54	-999	-999.0	-999	-999	-999.0	-999	-999.0	-999	-999.0	-999.0	-999.0	-999.0	-999.0	-999	-999.0	-999.0	-999.0	0.76	-999.0	-999	-999.0
sub-ON99871	-999	-999	-999	-999.0	240	0.6	-999	-999	-999.0	-999	-999	-999.0	-999	-999.0	-999	-999.0	-999.0	-999.0	-999.0	-999.0	-999	-999.0	-999.0	-999.0	1.79	-999.0	-999	-999.0
